{
    "total_runtime": 6.42969822883606,
    "num_documents": 1,
    "input_load_time": 0,
    "workflows": {
        "create_base_text_units": {
            "overall": 0.29697489738464355,
            "0_orderby": 0.0041425228118896484,
            "1_zip": 0.00486302375793457,
            "2_aggregate_override": 0.0075511932373046875,
            "3_chunk": 0.21030545234680176,
            "4_select": 0.00657343864440918,
            "5_unroll": 0.00981903076171875,
            "6_rename": 0.007196187973022461,
            "7_genid": 0.007878541946411133,
            "8_unzip": 0.009447097778320312,
            "9_copy": 0.006307125091552734,
            "10_filter": 0.019208431243896484
        },
        "create_base_extracted_entities": {
            "overall": 0.14536690711975098,
            "0_entity_extract": 0.11486077308654785,
            "1_merge_graphs": 0.02335834503173828
        },
        "create_summarized_entities": {
            "overall": 0.06813955307006836,
            "0_summarize_descriptions": 0.05966615676879883
        },
        "create_base_entity_graph": {
            "overall": 0.044031620025634766,
            "0_cluster_graph": 0.02836012840270996,
            "1_select": 0.00757908821105957
        },
        "create_final_entities": {
            "overall": 0.9059948921203613,
            "0_unpack_graph": 0.014202594757080078,
            "1_rename": 0.010096073150634766,
            "2_select": 0.009606122970581055,
            "3_dedupe": 0.009002447128295898,
            "4_rename": 0.009136438369750977,
            "5_filter": 0.021131277084350586,
            "6_text_split": 0.009772300720214844,
            "7_drop": 0.0090484619140625,
            "8_merge": 0.020330190658569336,
            "9_text_embed": 0.7440738677978516,
            "10_drop": 0.010853052139282227,
            "11_filter": 0.02853870391845703
        },
        "create_final_nodes": {
            "overall": 0.22207880020141602,
            "0_layout_graph": 0.030263900756835938,
            "1_unpack_graph": 0.016132116317749023,
            "2_unpack_graph": 0.015625715255737305,
            "3_drop": 0.013913393020629883,
            "4_filter": 0.028576374053955078,
            "5_select": 0.012380123138427734,
            "6_rename": 0.012789011001586914,
            "7_convert": 0.041407108306884766,
            "8_join": 0.021916866302490234,
            "9_rename": 0.013475179672241211
        },
        "create_final_communities": {
            "overall": 0.3216686248779297,
            "0_unpack_graph": 0.021108388900756836,
            "1_unpack_graph": 0.017985820770263672,
            "2_aggregate_override": 0.018445253372192383,
            "3_join": 0.021506547927856445,
            "4_join": 0.020441770553588867,
            "5_concat": 0.015431404113769531,
            "6_filter": 0.03621935844421387,
            "7_aggregate_override": 0.018739700317382812,
            "8_join": 0.020955801010131836,
            "9_filter": 0.03749656677246094,
            "10_fill": 0.01732778549194336,
            "11_merge": 0.0193178653717041,
            "12_copy": 0.018466949462890625,
            "13_select": 0.01943349838256836
        },
        "join_text_units_to_entity_ids": {
            "overall": 0.08623456954956055,
            "0_select": 0.020648956298828125,
            "1_unroll": 0.020754337310791016,
            "2_aggregate_override": 0.022632122039794922
        },
        "create_final_relationships": {
            "overall": 0.2749795913696289,
            "0_unpack_graph": 0.025016069412231445,
            "1_filter": 0.043500423431396484,
            "2_rename": 0.018365144729614258,
            "3_filter": 0.06217336654663086,
            "4_drop": 0.021453857421875,
            "5_compute_edge_combined_degree": 0.023380279541015625,
            "6_convert": 0.0392301082611084,
            "7_convert": 0.017683982849121094
        },
        "join_text_units_to_relationship_ids": {
            "overall": 0.11946368217468262,
            "0_select": 0.02348041534423828,
            "1_unroll": 0.022377967834472656,
            "2_aggregate_override": 0.023609399795532227,
            "3_select": 0.021877765655517578
        },
        "create_final_community_reports": {
            "overall": 0.20482873916625977,
            "0_prepare_community_reports_nodes": 0.02487921714782715,
            "1_prepare_community_reports_edges": 0.023795604705810547,
            "2_restore_community_hierarchy": 0.0251007080078125,
            "3_prepare_community_reports": 0.045423269271850586,
            "4_create_community_reports": 0.034384727478027344,
            "5_window": 0.02386927604675293
        },
        "create_final_text_units": {
            "overall": 0.18221521377563477,
            "0_select": 0.024628639221191406,
            "1_rename": 0.0240325927734375,
            "2_join": 0.029676198959350586,
            "3_join": 0.027619361877441406,
            "4_aggregate_override": 0.026023149490356445,
            "5_select": 0.025364160537719727
        },
        "create_base_documents": {
            "overall": 0.2844572067260742,
            "0_unroll": 0.028669357299804688,
            "1_select": 0.02617359161376953,
            "2_rename": 0.02564549446105957,
            "3_join": 0.027760744094848633,
            "4_aggregate_override": 0.024573326110839844,
            "5_join": 0.033310651779174805,
            "6_rename": 0.027162790298461914,
            "7_convert": 0.05584001541137695
        },
        "create_final_documents": {
            "overall": 0.06667137145996094,
            "0_rename": 0.030445337295532227
        }
    }
}