{
    "total_runtime": 143.4695680141449,
    "num_documents": 1,
    "input_load_time": 0,
    "workflows": {
        "create_base_text_units": {
            "overall": 0.32018232345581055,
            "0_orderby": 0.0034525394439697266,
            "1_zip": 0.004225254058837891,
            "2_aggregate_override": 0.007092475891113281,
            "3_chunk": 0.2550480365753174,
            "4_select": 0.004502296447753906,
            "5_unroll": 0.00521087646484375,
            "6_rename": 0.004003286361694336,
            "7_genid": 0.008092641830444336,
            "8_unzip": 0.00541377067565918,
            "9_copy": 0.004553556442260742,
            "10_filter": 0.015332460403442383
        },
        "create_base_extracted_entities": {
            "overall": 59.72400426864624,
            "0_entity_extract": 59.63365149497986,
            "1_merge_graphs": 0.08354806900024414
        },
        "create_summarized_entities": {
            "overall": 9.455826044082642,
            "0_summarize_descriptions": 9.448672771453857
        },
        "create_base_entity_graph": {
            "overall": 0.24529314041137695,
            "0_cluster_graph": 0.22992539405822754,
            "1_select": 0.00690007209777832
        },
        "create_final_entities": {
            "overall": 4.338330507278442,
            "0_unpack_graph": 0.09041953086853027,
            "1_rename": 0.008663177490234375,
            "2_select": 0.010467529296875,
            "3_dedupe": 0.011743783950805664,
            "4_rename": 0.009888172149658203,
            "5_filter": 0.030129194259643555,
            "6_text_split": 0.01608133316040039,
            "7_drop": 0.01029515266418457,
            "8_merge": 0.12386751174926758,
            "9_text_embed": 3.9254860877990723,
            "10_drop": 0.02015399932861328,
            "11_filter": 0.07155871391296387
        },
        "create_final_nodes": {
            "overall": 1.139106273651123,
            "0_layout_graph": 0.5397891998291016,
            "1_unpack_graph": 0.09897375106811523,
            "2_unpack_graph": 0.30850958824157715,
            "3_filter": 0.049775123596191406,
            "4_drop": 0.012428998947143555,
            "5_select": 0.013063192367553711,
            "6_rename": 0.01373147964477539,
            "7_join": 0.023347854614257812,
            "8_convert": 0.04598665237426758,
            "9_rename": 0.01567244529724121
        },
        "create_final_communities": {
            "overall": 0.7606179714202881,
            "0_unpack_graph": 0.139420747756958,
            "1_unpack_graph": 0.09636926651000977,
            "2_aggregate_override": 0.018004894256591797,
            "3_join": 0.02798318862915039,
            "4_join": 0.026949644088745117,
            "5_concat": 0.016350984573364258,
            "6_filter": 0.22841238975524902,
            "7_aggregate_override": 0.029903650283813477,
            "8_join": 0.02326822280883789,
            "9_filter": 0.042462825775146484,
            "10_fill": 0.018973588943481445,
            "11_merge": 0.034619808197021484,
            "12_copy": 0.02025747299194336,
            "13_select": 0.018497467041015625
        },
        "join_text_units_to_entity_ids": {
            "overall": 0.07973742485046387,
            "0_select": 0.017315149307250977,
            "1_unroll": 0.019792795181274414,
            "2_aggregate_override": 0.025728225708007812
        },
        "create_final_relationships": {
            "overall": 0.37792420387268066,
            "0_unpack_graph": 0.09970331192016602,
            "1_filter": 0.059667348861694336,
            "2_rename": 0.02079319953918457,
            "3_filter": 0.06481409072875977,
            "4_drop": 0.02140212059020996,
            "5_compute_edge_combined_degree": 0.025379657745361328,
            "6_convert": 0.04182004928588867,
            "7_convert": 0.021593570709228516
        },
        "join_text_units_to_relationship_ids": {
            "overall": 0.12354636192321777,
            "0_select": 0.02169489860534668,
            "1_unroll": 0.023578643798828125,
            "2_aggregate_override": 0.02854180335998535,
            "3_select": 0.02519369125366211
        },
        "create_final_community_reports": {
            "overall": 62.719886302948,
            "0_prepare_community_reports_nodes": 0.04244375228881836,
            "1_prepare_community_reports_edges": 0.036554574966430664,
            "2_restore_community_hierarchy": 0.03444814682006836,
            "3_prepare_community_reports": 0.3783080577850342,
            "4_create_community_reports": 62.17986464500427,
            "5_window": 0.02490997314453125
        },
        "create_final_text_units": {
            "overall": 0.20083117485046387,
            "0_select": 0.02557229995727539,
            "1_rename": 0.024868488311767578,
            "2_join": 0.030178070068359375,
            "3_join": 0.03134465217590332,
            "4_aggregate_override": 0.03262686729431152,
            "5_select": 0.026786088943481445
        },
        "create_base_documents": {
            "overall": 0.3340606689453125,
            "0_unroll": 0.030310630798339844,
            "1_select": 0.02719593048095703,
            "2_rename": 0.027775049209594727,
            "3_join": 0.03304553031921387,
            "4_aggregate_override": 0.029508590698242188,
            "5_join": 0.03396105766296387,
            "6_rename": 0.02980208396911621,
            "7_convert": 0.08642387390136719
        },
        "create_final_documents": {
            "overall": 0.06399083137512207,
            "0_rename": 0.030307292938232422
        }
    }
}