{
    "total_runtime": 33.510616064071655,
    "num_documents": 1,
    "input_load_time": 0,
    "workflows": {
        "create_base_text_units": {
            "overall": 0.2528190612792969,
            "0_orderby": 0.004194021224975586,
            "1_zip": 0.0047609806060791016,
            "2_aggregate_override": 0.0077021121978759766,
            "3_chunk": 0.19205570220947266,
            "4_select": 0.0034418106079101562,
            "5_unroll": 0.004603862762451172,
            "6_rename": 0.0035490989685058594,
            "7_genid": 0.004405975341796875,
            "8_unzip": 0.004639148712158203,
            "9_copy": 0.004114389419555664,
            "10_filter": 0.015066862106323242
        },
        "create_base_extracted_entities": {
            "overall": 13.117351770401001,
            "0_entity_extract": 13.089180946350098,
            "1_merge_graphs": 0.02103900909423828
        },
        "create_summarized_entities": {
            "overall": 3.4117891788482666,
            "0_summarize_descriptions": 3.401968002319336
        },
        "create_base_entity_graph": {
            "overall": 0.050065040588378906,
            "0_cluster_graph": 0.029265165328979492,
            "1_select": 0.009526968002319336
        },
        "create_final_entities": {
            "overall": 0.7781960964202881,
            "0_unpack_graph": 0.015512228012084961,
            "1_rename": 0.010078907012939453,
            "2_select": 0.010365009307861328,
            "3_dedupe": 0.010228157043457031,
            "4_rename": 0.008941173553466797,
            "5_filter": 0.022087812423706055,
            "6_text_split": 0.01094198226928711,
            "7_drop": 0.010122060775756836,
            "8_merge": 0.023020029067993164,
            "9_text_embed": 0.6085760593414307,
            "10_drop": 0.010640859603881836,
            "11_filter": 0.02589702606201172
        },
        "create_final_nodes": {
            "overall": 0.20714092254638672,
            "0_layout_graph": 0.02771902084350586,
            "1_unpack_graph": 0.015898942947387695,
            "2_unpack_graph": 0.01616692543029785,
            "3_filter": 0.02659010887145996,
            "4_drop": 0.01165628433227539,
            "5_select": 0.012328863143920898,
            "6_rename": 0.012784004211425781,
            "7_join": 0.01721787452697754,
            "8_convert": 0.03946399688720703,
            "9_rename": 0.013056039810180664
        },
        "create_final_communities": {
            "overall": 0.3299989700317383,
            "0_unpack_graph": 0.021122217178344727,
            "1_unpack_graph": 0.018419981002807617,
            "2_aggregate_override": 0.01710796356201172,
            "3_join": 0.02109813690185547,
            "4_join": 0.02001476287841797,
            "5_concat": 0.01470494270324707,
            "6_filter": 0.03363299369812012,
            "7_aggregate_override": 0.017364978790283203,
            "8_join": 0.022213220596313477,
            "9_filter": 0.034214019775390625,
            "10_fill": 0.01568007469177246,
            "11_merge": 0.018724918365478516,
            "12_copy": 0.036316871643066406,
            "13_select": 0.021848201751708984
        },
        "join_text_units_to_entity_ids": {
            "overall": 0.09270215034484863,
            "0_select": 0.023144960403442383,
            "1_unroll": 0.020931005477905273,
            "2_aggregate_override": 0.021667957305908203
        },
        "create_final_relationships": {
            "overall": 0.27950429916381836,
            "0_unpack_graph": 0.026258230209350586,
            "1_filter": 0.04356193542480469,
            "2_rename": 0.019731998443603516,
            "3_filter": 0.061563968658447266,
            "4_drop": 0.020235061645507812,
            "5_compute_edge_combined_degree": 0.023582935333251953,
            "6_convert": 0.038297176361083984,
            "7_convert": 0.019266843795776367
        },
        "join_text_units_to_relationship_ids": {
            "overall": 0.12816190719604492,
            "0_select": 0.025599956512451172,
            "1_unroll": 0.023469209671020508,
            "2_aggregate_override": 0.025429964065551758,
            "3_select": 0.022795915603637695
        },
        "create_final_community_reports": {
            "overall": 11.144223928451538,
            "0_prepare_community_reports_nodes": 0.02561211585998535,
            "1_prepare_community_reports_edges": 0.02426600456237793,
            "2_restore_community_hierarchy": 0.02606678009033203,
            "3_prepare_community_reports": 0.04560279846191406,
            "4_create_community_reports": 10.967822790145874,
            "5_window": 0.025589942932128906
        },
        "create_final_text_units": {
            "overall": 0.18922805786132812,
            "0_select": 0.027940988540649414,
            "1_rename": 0.024949073791503906,
            "2_join": 0.0281369686126709,
            "3_join": 0.02811408042907715,
            "4_aggregate_override": 0.023984193801879883,
            "5_select": 0.022274017333984375
        },
        "create_base_documents": {
            "overall": 0.2717270851135254,
            "0_unroll": 0.027782201766967773,
            "1_select": 0.02590489387512207,
            "2_rename": 0.02851581573486328,
            "3_join": 0.029082775115966797,
            "4_aggregate_override": 0.025413036346435547,
            "5_join": 0.028717041015625,
            "6_rename": 0.024548053741455078,
            "7_convert": 0.052114009857177734
        },
        "create_final_documents": {
            "overall": 0.06966495513916016,
            "0_rename": 0.030884981155395508
        }
    }
}